{
	"description": "项目配置文件",
	"packOptions": {
		"ignore": []
	},
	"setting": {
		"urlCheck": false,
		"es6": true,
		"postcss": true,
		"minified": true,
		"newFeature": true,
		"autoAudits": false,
		"checkInvalidKey": true,
		"coverView": true
	},
	"compileType": "miniprogram",
	"libVersion": "2.9.3",
	"appid": "wx60d54462d8658433",
	"projectname": "%E7%94%B5%E5%BD%B1%E9%99%A2%E9%80%89%E5%BA%A7",
	"debugOptions": {
		"hidedInDevtools": []
	},
	"isGameTourist": false,
	"simulatorType": "wechat",
	"simulatorPluginLibVersion": {},
	"condition": {
		"search": {
			"current": -1,
			"list": []
		},
		"conversation": {
			"current": -1,
			"list": []
		},
		"game": {
			"currentL": -1,
			"list": []
		},
		"miniprogram": {
			"current": -1,
			"list": []
		}
	}
}